CustomerId,OriginX,OriginY,DestinationX,DestinationY
1,1.233454035,4.654826519,12.40141608,6.932944108
2,7.890219847,1.478424001,12.43938692,10.19655066
3,7.538258612,4.904859843,13.71592092,10.60078001
4,2.640519592,7.594196854,9.046053177,7.704517645
5,7.876003783,5.697432465,12.60918985,10.57866889
6,8.172277539,11.2650232,12.48706457,8.894267249
7,7.087303159,0.967358575,9.456642421,8.643482993
8,1.506239744,3.314247358,4.292812891,10.78176804
9,3.530519397,8.025846411,12.02175466,12.55330428
10,7.194996677,4.219725365,12.10840064,7.14476414
11,8.211730402,7.273265334,10.92633432,10.63680572
12,0.743997078,5.681580818,12.26253302,9.516530619
13,4.753113407,2.203721217,11.1256191,12.00026932
14,11.72706542,3.984077477,9.997570574,13.71668655
15,3.765253279,9.972614098,12.11494174,10.87838802
16,9.02400535,7.853271389,9.353980326,12.36849308
17,11.03022312,3.023959727,12.10248554,8.943199236
18,4.61056377,7.571632502,12.10517177,11.34100254
19,7.253871466,4.364841247,10.5773621,9.577664004
20,6.62357302,2.476118773,12.30084047,6.516138446
21,0.053008069,5.196438168,12.08679811,14.05516127
22,6.481364553,2.440500685,13.47327563,13.16208858
23,2.586590245,1.494890975,11.91291788,10.01451416
24,8.570778041,3.132682346,7.494286089,9.834495348
25,1.377121331,7.916769523,11.78110309,9.756801833
26,4.092052401,4.346870583,13.55792718,4.274894324
27,2.146274259,2.394914292,12.10160511,10.4823549
28,2.933532697,8.570031478,9.967911971,12.26998281
29,4.701703793,7.977440832,13.05237742,7.9606108
30,7.154509535,3.535090396,13.68057154,13.10768349
31,3.767872585,4.300942474,13.64283456,10.19915398
32,2.976973286,3.734641135,13.24975787,12.41212732
33,7.732437751,1.393005975,12.75152283,12.80618365
34,7.917443348,6.210797002,12.03289204,12.68559622
35,6.869490133,5.927673921,7.710899974,6.853117465
36,3.591162055,3.482677439,8.431496861,13.27698909
37,9.136178604,5.972474501,8.432716398,12.74389484
38,7.724506274,4.407699659,10.76840615,13.0805016
39,2.180959905,4.549699262,8.112149368,14.15269249
40,2.302363288,1.389134642,12.64013844,10.93565019
41,9.611566068,6.777057999,11.06617832,7.874890436
42,1.091550026,2.434725186,9.593778027,14.80030075
43,3.308417458,3.231151497,5.089630255,9.560315868
44,7.053091771,12.14018694,9.212574301,10.80227411
45,6.516576221,7.225303027,13.27028528,14.25762378
46,7.630383584,3.062365647,11.6181898,12.56608425
47,3.456121952,7.333270282,14.14886598,12.13299891
48,4.928384663,7.999641078,11.46918781,13.0697436
49,5.858608093,11.69623632,6.701914931,11.36226104
50,1.087970556,6.056050865,8.994508841,7.865535871
51,2.728726184,7.6844167,9.962773879,9.098653119
52,7.018246694,3.973427082,10.28082065,6.866022353
53,2.366680708,5.370969864,5.901744307,13.41101992
54,7.834774474,2.295016612,13.59418805,8.398007258
55,3.552588893,5.763176654,11.76555607,8.74878484
56,3.205935565,6.774544625,12.54329077,8.24971132
57,5.10564986,9.801517775,10.31255857,5.98891532
58,6.842459862,4.968797196,9.898566901,7.516056892
59,7.94702459,1.107427665,10.04300917,10.11015101
60,10.50978743,0.922365848,10.08218115,10.17413874
61,6.508009885,3.66077624,11.77754396,11.58539803
62,5.330191638,4.256685872,12.0533274,9.069125648
63,1.906814878,1.673808078,8.911831164,7.635726347
64,9.138169154,8.542183109,14.34993129,11.94542649
65,6.69648761,4.926536995,5.525627602,9.708352654
66,1.593198325,5.672575813,12.73979794,11.73057601
67,2.797906527,1.197820412,11.211608,8.508917839
68,6.608372952,7.20709892,11.19698092,11.06896509
69,1.98590207,6.439517733,11.2580921,13.3667371
70,13.98118327,5.178645179,8.436447769,4.244248274
71,2.43324356,7.686720517,12.02843087,9.363365649
72,8.238932707,4.066092483,7.918969777,9.0331532
73,6.600091333,9.759388536,8.595625245,12.6886052
74,6.469674356,3.894331644,10.99931491,10.49507065
75,4.052249316,1.971786159,9.211985135,9.786040439
76,2.225187639,1.56355171,13.14129362,8.882210638
77,4.220750783,4.917732048,9.814505292,11.26797352
78,1.481601757,3.290277222,5.514529215,5.694217569
79,1.395412194,8.161210634,12.08469153,12.61822413
80,2.015731357,5.190250398,12.23193395,8.195008112
81,4.279320529,1.298109048,6.82208466,9.396644173
82,4.666330278,3.459803487,8.542608765,4.031480282
83,5.552485903,0.420995557,8.225157032,12.71106078
84,4.387676485,5.076368827,6.8037074,10.36923848
85,5.592230997,3.097751677,11.87765859,7.585242643
86,4.606274306,5.88061055,11.18441536,12.32194599
87,7.677110024,7.159260096,13.71480241,9.635040807
88,4.82014106,1.716368931,10.6827689,14.80771669
89,4.599600057,3.751689134,6.348673302,12.78244107
90,8.237618226,0.94918318,13.11158718,11.86086825
91,3.745538545,5.462053726,6.641785178,9.777598789
92,2.976110496,8.261692597,13.68949091,7.709678658
93,4.595021213,2.58126865,14.33934392,10.10971083
94,2.45100828,4.277675017,12.93429844,10.80139041
95,8.846444765,7.052826017,10.56730612,14.24787417
96,3.389271461,6.852877247,8.851949003,10.99613417
97,2.950688427,8.095774794,7.384895996,9.006901481
98,1.108959701,8.387263581,8.267461871,10.8954903
99,2.303371967,4.436418123,9.694925725,12.41821902
100,1.060145717,3.728054117,7.327934332,7.92255743
101,10.12473479,6.197377176,13.06513968,12.96246032
102,3.088772742,5.909522707,9.902528858,7.673682684
103,2.860641616,10.52510271,8.776819303,10.68944831
104,5.71544302,6.246846756,9.170377112,8.868549785
105,7.446511018,2.319734411,5.903139205,10.30512567
106,9.551193003,0.626809955,7.627077482,9.93118611
107,6.916667797,5.212796562,12.71244951,8.435176513
108,5.833485655,5.613767168,8.586502882,7.267564356
109,1.246446633,1.227061651,13.9845654,9.966345133
110,6.547355706,5.465428117,10.00644389,10.06222247
111,2.759242961,6.042116934,12.67983938,13.35951186
112,9.972754391,6.939103186,10.15076174,12.3590087
113,6.340913864,3.919258848,12.11385729,14.02071493
114,0.471960382,8.565815171,11.32997023,6.853936704
115,4.513180579,5.431456897,7.741438103,13.76517205
116,6.576468833,8.764647117,11.94510821,10.87380966
117,6.559794922,6.76348497,10.14252602,4.531307338
118,2.812522825,6.8582681,12.09416168,11.48923853
119,5.084671796,6.272129509,13.37932761,10.47681033
120,10.75831376,4.822260538,10.92094951,6.963270243
121,3.183212088,6.223169476,13.178431,13.97091725
122,3.589909769,4.163214223,9.915744953,6.568785956
123,2.07624391,1.686136634,12.96745376,10.8464112
124,6.308240861,1.576297554,11.41206036,14.17897192
125,6.141833487,8.318166906,13.58443653,13.62469527
126,5.435509544,9.440184829,12.5928396,13.27576119
127,3.821232999,5.61335506,10.16854572,9.821714353
128,1.474326481,1.698100565,10.16065236,8.512135329
129,11.38342712,1.300678101,13.30937593,8.145786056
130,5.624577907,3.093685745,6.277221022,11.81554703
131,2.184147413,2.856227298,14.31969281,5.934717084
132,3.897689523,2.699513519,11.21811265,13.04578143
133,6.038375643,3.830904244,6.260835223,9.175234586
134,7.239389294,9.20815574,12.37691489,13.18179922
135,5.518721455,4.101419529,12.31436123,9.448578849
136,4.298812139,3.4578027,11.52809187,13.18130626
137,5.814701036,4.658489414,11.99666889,10.8258492
138,8.211847352,6.988203877,14.67210598,9.854220086
139,7.472203434,1.365143821,9.599347495,8.968418063
140,5.978974001,1.068403065,13.50368951,13.97632604
141,1.025174281,7.149074012,12.44497643,12.13314745
142,3.575186997,1.405189658,7.281252867,9.091643238
143,5.442145684,9.778135395,13.08200064,6.522057197
144,8.057537275,2.561152017,6.430988537,9.866911963
145,2.987917126,8.269384478,14.23021457,8.947074922
146,11.06478917,1.95475284,7.194801571,14.38896232
147,0.586090897,7.817346504,9.644995772,8.983000212
148,2.41111266,4.657278335,14.27916231,13.83920347
149,0.926406989,7.18940585,14.22042368,13.75078722
150,2.090656687,1.825136826,11.67957785,10.09619562
151,7.432156946,3.964422935,7.833175766,10.33814026
152,6.0347459,8.936516329,9.248278282,10.06661752
153,1.691044483,6.05956077,12.07639358,12.06533803
154,7.380545444,2.526232502,7.840548236,6.972000493
155,7.663381532,2.40447242,7.809786738,12.20705988
156,5.198067451,12.07078973,14.36826335,11.71520831
157,9.202314621,5.330975713,13.56635056,11.3312049
158,10.4808557,1.842133733,13.10925322,11.78451962
159,7.398251169,6.099696985,11.56744499,12.78255271
160,2.11544914,11.58013676,12.93907549,12.56636112
161,2.674105844,4.224178887,6.222896545,14.11213744
162,7.972393954,0.849830077,13.8140219,13.86384186
163,3.070393664,4.115075835,10.78233889,11.98007346
164,6.496996021,1.389560742,9.642362752,8.830713716
165,10.81097867,4.294941869,12.603115,13.02026154
166,3.674333989,4.782839458,8.639243833,10.34270283
167,2.067083945,9.615833908,8.66218214,7.475440079
168,1.146338041,3.711717083,13.40370157,12.44450779
169,2.574281067,7.918408095,12.90840772,14.57742942
170,7.141112749,5.599962715,13.25172449,9.182719053
171,3.57946678,1.801632783,12.62908161,13.13126982
172,4.199655327,1.107394907,10.05347372,12.57873784
173,6.475726303,3.292745658,12.60414677,12.42838987
174,6.662643138,4.380034388,7.054144417,11.26460512
175,4.684015933,4.365012436,10.72156747,11.38179035
176,5.195351821,2.652399995,10.13069379,11.77758333
177,2.437970009,4.122020722,11.52273399,9.696927847
178,3.193658372,1.740377183,11.89477556,13.17006088
179,4.019468336,5.611333815,10.53777692,12.46375661
180,6.616995211,2.942361172,10.41476504,11.54047679
181,4.059645539,3.528439139,8.307378888,9.773353965
182,8.108329191,3.88278996,11.47913144,13.17822978
183,3.957011701,6.063668777,7.18789682,9.120976037
184,10.92291841,5.733590531,7.712537647,9.850667674
185,4.709481667,5.447781782,5.934767399,13.42803095
186,3.375191148,11.53659693,13.20066263,9.38919244
187,6.849097963,4.144599006,9.294796943,13.08283033
188,6.965169747,5.688920129,12.56260213,11.96516078
189,3.683982647,2.288969761,12.66789779,11.82481397
190,7.827356136,5.826148718,11.71763722,12.77276951
191,2.671131914,2.629614291,10.5571711,13.56486627
192,1.818542768,7.501566216,10.38064554,9.975826261
193,8.680265486,5.950847518,5.016961002,8.966137996
194,7.912770751,7.259679777,11.39416963,14.41143589
195,3.763454892,3.163781139,8.708526952,12.38763294
196,0.887373722,2.460251865,11.05455616,10.28348527
197,10.09824294,4.22266952,12.86405845,10.10092237
198,6.306521803,10.09107737,6.655614252,11.05599205
199,3.173405991,4.087937285,14.29748773,12.23291954
200,3.403634986,8.215692165,10.08475119,10.23401727
201,1.445551876,6.070403924,9.769947011,14.65621571
202,3.220637539,5.753089976,9.420279156,9.974668836
203,3.359876621,10.62392918,8.207047604,12.74574268
204,8.304950167,4.975904059,14.47590464,10.54825328
205,2.926168375,12.08444981,13.84824764,10.70412936
206,4.408549953,8.739272315,13.61813929,10.04300547
207,8.782047503,4.057261102,14.17833175,8.51620807
208,7.68289692,9.647241415,12.58079084,12.73680563
209,5.147698619,4.255573722,11.35019236,9.220041124
210,2.718729249,3.382689441,12.39947036,9.303453844
211,3.246149614,4.823986129,5.644745256,13.90538844
212,7.056197217,3.240137812,8.535561991,12.52685136
213,4.587779449,3.323801021,11.24497504,11.59810989
214,7.285880054,0.861066432,7.673205374,7.935569254
215,3.024977547,4.438641865,14.53045143,14.87908992
216,12.53502935,2.752303545,11.35483893,9.973964838
217,2.674840963,1.054178716,12.14450338,8.64232855
218,6.72936981,2.54881688,11.30956374,7.086789168
219,10.47456771,2.572013829,8.337800036,14.42442151
220,0.413262507,11.41018671,7.550029442,8.747943483
221,11.57144705,2.504276801,13.17170082,10.06751476
222,2.305388149,5.161188171,9.807313315,11.20294528
223,5.829363532,4.356921327,10.74082395,14.05939896
224,4.471738415,2.934225629,11.45375791,4.451990752
225,2.595082331,1.686363021,6.546772872,11.74022286
226,2.057235976,4.947062443,12.86415228,12.84234458
227,3.029901812,4.718417054,11.38111073,11.10799378
228,10.00831794,4.510189182,13.16183559,7.876013691
229,2.435755496,0.816048399,13.53628765,9.628499861
230,6.518750308,8.139880428,8.651136033,12.79462059
231,1.742636856,4.567246011,9.85802314,12.83837836
232,5.378229541,1.489192734,11.26909394,13.15918143
233,2.32906168,2.143913895,11.80772559,9.719945351
234,9.196554795,7.877228823,11.30790268,10.20580956
235,4.057809309,7.573590829,8.071433098,11.85643093
236,1.636610024,7.981195893,14.07964043,8.389472264
237,3.101299918,3.722908267,11.06951653,11.1003217
238,6.83011644,9.294535688,13.24348255,5.839823833
239,6.700733535,10.17831097,13.06304736,9.252146926
240,7.845620342,3.322946911,11.16922858,6.968855371
241,3.132338771,3.758840247,12.52782189,12.92142645
242,9.413729388,5.780726568,10.56761638,12.31255804
243,0.6378211,2.851586793,9.407510287,13.43940747
244,3.856743141,0.17187595,13.13382647,4.01542377
245,8.710421899,7.255733411,7.052530121,9.660220566
246,2.922629626,2.718287344,9.833046133,6.331776246
247,1.793119663,7.088545265,12.19507716,11.25067331
248,6.09090962,2.469920284,12.95688517,12.78007054
249,5.176721498,5.478764975,11.36454182,5.957105375
250,1.407612978,3.864275709,11.11232434,8.526923323
251,9.146288918,5.494749183,11.8212862,9.537655616
252,7.105349222,10.5638545,13.92005372,13.63632935
253,7.893168374,5.19873857,5.038411753,12.51742481
254,2.147212569,10.00815744,9.994105876,11.9820502
255,11.00325712,2.237569229,13.31152844,14.10843535
256,8.253675582,1.303250182,10.32904261,14.6170307
257,7.346758401,5.044663801,9.192972678,13.23634746
258,1.563113898,3.537576337,6.556389913,10.6255276
259,3.284513883,3.734999235,9.894961064,10.79476206
260,5.834769483,6.894529571,11.09736462,6.023163348
261,6.674444091,3.11299332,12.49513643,12.50215189
262,9.406240989,2.881886741,12.02649626,11.50359363
263,8.275127701,3.247473418,11.39924437,7.938148139
264,3.64124228,5.454941673,12.89278371,12.82219662
265,2.125737014,4.414220192,10.7781205,13.0522902
266,4.138012202,4.960980451,11.69104628,9.936315292
267,4.20239025,0.729617695,14.00217319,10.76014448
268,2.199477899,2.525340105,11.16499867,8.445115026
269,3.629235571,8.134096961,9.312282321,7.005265215
270,0.990888965,5.34369149,12.95357687,11.30168611
271,6.83320281,4.912407348,8.952107242,12.37070889
272,8.180600661,4.99994491,13.03716966,13.81311985
273,8.345299506,6.193447721,13.85009889,13.18932632
274,5.740374226,2.941714599,13.93780553,8.925025431
275,2.24911144,7.508564643,11.21781002,9.077650771
276,6.237390661,3.075818017,6.548691835,7.778010091
277,5.328114853,7.006741257,9.967207258,6.405339225
278,6.13935625,5.283226598,13.90529575,10.89561465
279,3.650990935,3.501257022,8.981254117,6.210816533
280,12.12536409,3.464888241,7.276271085,13.91750958
281,2.526485151,5.780977503,10.98979022,9.087576162
282,3.17102518,3.155780982,12.07429878,13.47005791
283,2.20510604,6.524806201,12.36723534,12.13010074
284,6.649329739,3.031660039,13.15064269,13.86779415
285,11.70042019,3.179034114,11.81381354,11.40274871
286,7.63376667,3.527917865,13.8755469,12.75798214
287,2.90709724,5.825880967,10.46852391,4.238845886
288,5.550541305,7.519511139,12.90420345,11.21664577
289,5.62939828,3.95138599,9.380516418,10.59427428
290,11.14051605,3.075298196,12.33635655,7.04604892
291,4.168748561,7.711927617,11.10099899,12.47911485
292,1.22145392,6.650373763,13.64079486,10.68495338
293,5.76707463,6.014857337,7.26109323,8.894677591
294,0.805232463,6.872974361,11.92221795,10.44810968
295,11.31340127,2.095559555,12.37263102,12.73301094
296,4.450436649,4.877274179,7.742309534,12.95382821
297,3.916468093,9.566866016,12.58340452,13.01944727
298,7.069575695,8.31356075,12.14158852,14.10112926
299,2.161093686,4.128964125,13.18753264,12.22641314
300,3.507062087,4.319340578,6.645075769,6.398291489
301,2.986197402,1.757623714,12.81289498,8.512366231
302,2.711992688,5.993303876,13.18154303,6.901370742
303,3.224686119,4.342445788,11.07801885,8.684060942
304,0.772296178,4.690396205,6.021516915,9.564305114
305,4.382317905,1.131989361,13.88182976,13.0177023
306,6.630547615,3.223183241,12.47704664,10.54304865
307,3.597946947,8.876000256,9.835207893,9.821910161
308,5.438627897,7.679006838,9.500616434,9.877712045
309,4.206962871,2.195279958,13.9715757,12.87249428
310,2.512586283,5.46925636,9.067878874,13.16739448
311,10.97080744,4.474352141,11.27276051,11.60602137
312,9.912005961,0.89067082,9.647743414,11.09844371
313,4.367407862,9.316952438,13.63243232,14.28111326
314,10.52564935,4.075725534,13.04932807,9.160525246
315,6.314897859,5.322591841,14.03754505,14.33037751
316,6.202770552,4.289159541,13.48000996,12.38238942
317,10.96876668,9.574322162,11.92724718,4.593537964
318,4.271815458,7.768394948,14.07034289,8.24990906
319,4.98236407,3.47698568,9.308687967,9.89916173
320,5.022972327,7.753250428,10.08862443,11.83024287
321,6.619587153,5.836509173,7.033930215,13.56738514
322,0.664485072,4.40257721,13.04425821,14.39999579
323,5.647971564,2.100039344,12.77378114,12.58312224
324,3.481353531,2.958209952,3.865885258,10.53326714
325,6.138322248,2.46909092,11.72179698,13.28323252
326,10.14494479,4.273610018,12.30776426,7.206959349
327,5.858379421,5.446827658,7.001734724,14.11425845
328,2.101222847,0.284660863,9.947629534,10.09667779
329,6.314472644,6.419039157,7.855575962,12.17602174
330,4.850474171,5.078109703,11.50323929,12.6026393
331,6.364120516,8.162860992,9.288124169,7.123867442
332,8.063871628,3.894316552,12.12069912,12.54392201
333,6.35355862,6.951205675,14.46998953,9.688890559
334,6.72446754,5.902236578,9.842027215,10.71016825
335,5.052793864,8.920861876,5.439510781,9.8531119
336,3.734381161,7.892035421,11.8883984,12.84987542
337,4.978778456,7.261272773,12.4860559,13.53300676
338,9.984291038,9.48456648,13.93150688,10.31671442
339,5.921929182,3.292756805,11.06665229,11.33940226
340,4.298642243,1.294536946,12.1705569,10.91871005
341,3.754918544,4.05905717,7.930463735,11.3448348
342,7.087467726,8.092614844,6.994811239,12.17006738
343,0.535984583,3.151860597,11.08860569,10.39407434
344,1.593957844,8.10646243,9.780993816,11.34907023
345,7.263858405,6.733473924,8.701814333,14.5731867
346,6.299685765,9.5002135,8.304916186,12.32850514
347,7.182508877,10.96324357,11.91410187,13.20752444
348,4.281155257,6.570084364,13.59733987,14.80692159
349,2.388325368,3.333262974,9.07057499,13.94328917
350,3.932522504,1.545813538,11.79151119,5.936813096
351,5.902858366,1.513140661,11.51818107,10.51761681
352,6.279969482,6.119539449,11.0403246,14.09387567
353,4.502034412,4.405942452,11.71032376,14.62102761
354,5.629516772,3.120051541,8.256391729,6.027307655
355,6.787072335,7.202662662,5.310108362,11.74843015
356,3.358372182,3.332540546,8.97139339,7.954102807
357,8.727412124,2.577045595,9.030650852,11.16286006
358,6.578837908,6.206722922,11.43309311,13.11170789
359,1.279241259,4.262561702,12.69596805,13.52612441
360,1.966595574,7.263521174,9.306294818,11.29155011
361,2.482888834,4.50513577,6.328098701,10.70239308
362,3.456387213,0.950606893,11.94835874,13.19191856
363,7.856567615,4.839061055,13.85191836,12.96729312
364,5.093762833,6.381715033,10.18912163,12.35681284
365,4.892079025,5.332225311,12.05887555,8.220087041
366,3.65547799,2.010740878,13.41704522,11.81673188
367,5.96098301,2.89253227,8.126504433,7.283243043
368,2.487642088,6.703866765,10.33755796,10.42064172
369,8.085923477,7.462539941,6.763760869,11.1042613
370,7.941763803,7.334838211,11.80361509,12.31343704
371,7.710133644,4.443176732,13.63884983,14.31990041
372,1.774531286,3.810122191,8.895190008,10.07659258
373,8.037874345,7.016120429,11.38675226,11.07067803
374,5.801013895,3.57896401,10.99780207,13.95558293
375,4.877559529,1.855051582,14.07029873,11.04530249
376,7.107889158,9.041521712,12.05652555,10.74065386
377,8.308308341,8.614005817,13.47433963,10.53368943
378,2.100443048,4.451181791,8.843435349,13.34590257
379,2.57276567,3.292472022,12.64281151,12.49053814
380,6.669733563,4.260342079,11.49493598,8.697848266
381,5.040768645,6.578431556,8.658322948,8.860980173
382,1.443835857,4.173075067,12.55151957,9.736699027
383,7.980693437,10.70261385,9.887815692,12.51115618
384,4.766887471,3.349890181,11.73976298,11.09546714
385,10.42077631,3.492022398,11.38930478,13.2654704
386,5.987433042,9.723724531,7.671526924,12.5910677
387,0.817317974,2.911207615,11.92254644,12.0102897
388,7.824055449,3.856570477,9.679404368,8.982994767
389,1.157519419,5.294876639,3.98842115,12.58484777
390,11.45579219,10.39102145,12.82842107,10.0612248
391,8.954183849,4.397418477,8.700049639,12.610714
392,10.64658267,3.239744369,13.25352626,11.46611034
393,6.352976665,3.307269752,9.362318893,9.282934699
394,3.237486652,6.777721311,11.39326835,11.91803138
395,6.939160285,7.562269308,7.86778596,14.93287312
396,1.022867327,8.439759263,9.776192733,12.85335121
397,4.877865578,2.433974695,9.83931074,11.22784297
398,5.850909851,4.433992627,7.221646462,9.849479911
399,4.609862301,3.184786802,14.29262867,14.19459018
400,3.388678055,5.484753973,13.84369533,10.17994771
401,6.545673866,3.140833104,10.90346564,10.4716219
402,3.58772067,2.341637399,8.853485685,13.0351496
403,10.00972564,7.590146002,5.450131163,7.072356807
404,1.71884557,6.1460744,8.466977524,13.0380726
405,3.920581394,3.476007259,11.63922826,11.61357988
406,4.002017755,4.498484725,12.72513558,12.624768
407,2.584099518,0.909668642,13.53556903,11.70707927
408,1.281641338,0.666120893,8.007838888,9.028099639
409,6.432248555,2.783003855,8.123516912,11.90198683
410,1.476713451,5.080776229,12.29034622,11.11709845
411,1.85405587,6.901248447,9.53697039,10.9694349
412,8.190197284,5.635039956,13.12274149,11.75096834
413,2.735020167,4.226786444,9.50153863,10.04343322
414,5.659921198,7.227556272,11.33265073,9.192631408
415,4.183725436,1.522080617,11.15347864,7.001615462
416,4.082364946,0.640257461,11.363276,12.48895645
417,4.093448659,4.760843479,9.246359393,11.79957393
418,3.156727336,6.021509375,14.34458214,11.23186301
419,9.398347457,7.964703496,12.11108729,10.82678739
420,8.382127719,2.057860183,11.57221481,10.39020312
421,2.578588833,7.6974648,12.88482672,6.107471019
422,4.898722169,4.709916039,13.43506614,11.37786014
423,5.396096074,2.019098713,8.385299073,13.10037502
424,4.493321561,6.517275766,12.16605099,12.18298028
425,1.306541287,8.978636617,8.258045922,9.030768234
426,2.977099618,5.964964907,8.320232013,14.2311766
427,10.71503916,10.84693947,11.05424625,13.37022571
428,1.334694797,7.433150238,13.67164175,9.821307378
429,4.208718707,3.844119088,9.778374784,9.976053894
430,4.828306355,2.55307498,12.22734915,11.27083871
431,3.893273494,8.622986168,13.88802275,13.39913377
432,4.003915147,3.672495805,8.581601396,12.6387994
433,1.13907956,0.428050555,12.63745768,11.41160133
434,8.423017683,5.267808899,10.6715464,12.06217508
435,2.540019442,2.645687113,7.925260649,7.422913884
436,1.080845947,1.228947693,9.584056534,12.09171487
437,1.707420503,13.01594407,5.929728923,8.322092489
438,0.886697435,3.937276218,8.052550902,13.72858021
439,7.066932991,4.89938667,8.658683762,10.36873699
440,2.915780904,0.916234766,11.43350132,8.479262721
441,2.800391005,0.890430368,10.58444693,11.80354953
442,5.170406477,2.218618245,11.08460011,10.00296231
443,6.66415078,2.952821978,10.24572284,13.30026656
444,6.682072244,1.503018749,10.47780437,13.29075177
445,2.656429875,6.89177718,8.024170679,12.69439871
446,6.017001488,8.083807821,12.30541785,14.40407058
447,1.997006032,6.859103483,13.95237952,12.33773886
448,5.377896849,4.527186124,10.23961107,12.59973974
449,7.440868461,1.280173751,10.55144823,8.919798986
450,5.343906139,5.673118989,11.61452349,11.1470432
451,9.272092171,1.891396882,11.09737218,12.05069899
452,4.111371061,2.408952715,9.404962931,13.8482446
453,4.303835211,1.001440264,10.2932739,9.772808643
454,2.512690378,0.994759442,12.64566168,13.21585907
455,4.529547594,8.083122859,14.04301844,14.071665
456,2.717830023,4.142911031,9.693816109,12.30522706
457,7.115331066,1.849115269,12.10034446,9.308696961
458,6.938741436,7.11532643,10.96808756,12.43574766
459,4.452528824,9.210807351,10.94388453,11.64625393
460,1.351643922,7.061167077,7.069896928,9.321304579
461,6.676440407,5.837381894,9.634872314,9.454307845
462,7.121103551,7.116642885,11.74870227,8.906060313
463,2.002765,1.360444401,12.82728087,11.32959084
464,6.859949828,3.847835759,12.74971481,9.327550273
465,1.460237731,7.49746169,7.650391566,7.918602033
466,2.197273058,1.69132223,9.162670465,5.587205893
467,1.573924844,5.073887422,7.030283427,3.461859979
468,2.487733864,4.490349696,10.54276743,13.86488486
469,8.829115396,1.469214448,7.151133286,11.1937964
470,9.111070624,11.20981439,12.17892073,12.39887946
471,1.79636142,1.111324066,14.11618206,12.90641309
472,8.163381516,1.522058477,8.878271731,12.46869955
473,4.334144091,7.270583178,12.13434906,9.215926558
474,3.438844352,3.271444111,12.98828769,14.33143828
475,12.20100684,5.336193524,13.96820028,13.5645675
476,3.221659988,8.757477991,11.74207132,9.550798646
477,6.883425054,6.411319166,7.150649146,7.963077936
478,11.63343005,5.537362757,8.478744993,11.81587752
479,8.625445321,6.97375877,9.552832629,8.6243124
480,5.494928041,4.054120801,8.374769111,12.15688247
481,11.02626358,1.846912275,10.24058781,12.20433654
482,7.411430894,0.935998228,11.0160502,10.81899821
483,4.540313005,9.601148096,12.08265966,7.661693314
484,1.665755271,3.753330866,13.36998136,13.45322635
485,2.850428956,10.73673127,9.902685879,12.0615065
486,7.276949251,3.539255531,7.605207245,8.390627095
487,7.423884406,3.598078266,13.91542873,11.38332335
488,5.892628484,6.353709165,11.83186464,9.119446698
489,7.466768869,6.565930133,5.138845648,10.75436835
490,3.315191655,6.425863283,10.55365561,7.149540051
491,6.60986893,6.058933855,12.601925,13.81931013
492,4.644973182,3.896185792,13.89725957,5.916595503
493,7.408670192,5.237372243,9.914879589,11.78998051
494,1.935932882,5.921859955,11.53478064,13.57370826
495,0.903101577,9.037437168,10.66538866,7.546999329
496,7.79784439,1.468046183,11.95706783,12.74702111
497,6.533302913,1.327897015,11.71466198,10.45126551
498,6.828538462,3.398364274,11.7775265,7.274056759
499,6.662354707,1.103197707,11.28299588,8.665493911
500,3.002956538,1.323461334,12.22146655,6.983878555
501,4.164471427,8.356298935,12.80455094,8.587191684
502,11.55796259,3.026099836,12.35092392,11.52148113
503,5.21813224,9.515322599,10.7135129,4.11532543
504,5.251824204,8.782877802,12.02008143,11.30052037
505,6.398246968,2.007077557,10.97371923,11.46744899
506,5.82678241,2.352641792,12.30750563,9.860824774
507,8.623685301,9.127231251,12.94002458,9.182402386
508,8.735722436,1.819840999,13.24549597,9.540503236
509,3.512714359,7.917909422,8.251473878,11.74097145
510,4.706859381,3.935296889,8.570638754,10.26022577
511,3.149001423,9.698993512,8.31728275,12.72275213
512,10.01479202,0.5981658,12.18967914,10.52877946
513,4.983536157,8.285064113,9.761409582,7.291157645
514,3.870428188,7.468254279,11.01806777,12.31668006
515,10.78931754,3.161618003,10.71261686,12.22355302
516,2.250947225,2.980375027,12.56008292,8.482338068
517,3.213596492,5.823258659,11.07723216,9.348180885
518,2.023174521,5.289643078,5.219285996,12.30922095
519,8.751601398,6.568954991,9.798563954,8.383823966
520,2.690026471,6.324180888,13.99950372,13.60150416
521,4.667452354,1.870039085,12.84689917,9.580706052
522,7.684544256,1.852041234,13.18025776,9.296342364
523,10.41727619,2.419169395,12.04261546,12.09159892
524,9.125991827,3.573111961,9.074268295,11.60503079
525,4.958003046,5.101439767,10.29374477,6.889166583
526,0.730700367,2.233112317,12.54157732,8.579214841
527,2.051533259,6.178611102,14.5613898,9.279260508
528,6.970571869,6.992585971,9.266452758,12.63936778
529,6.091116556,5.47689692,12.54119601,13.48243882
530,10.45288775,3.734012709,8.295646297,13.11756116
531,7.260461704,7.674825479,8.603103773,4.344808259
532,4.82014775,0.124018877,9.191434409,11.49308234
533,1.459283625,1.915188526,7.172478206,7.878170407
534,6.245290553,5.987739491,10.38883644,10.14195469
535,4.196159004,5.080292908,12.55327167,13.36380413
536,4.986389574,6.111127788,14.20457998,7.681516053
537,1.640911577,7.21124966,13.91800795,7.551824706
538,11.09047587,5.389981666,6.344558842,6.387547278
539,4.408102705,2.660263949,6.578837826,9.343369047
540,0.409766014,0.684606237,11.37886432,13.08959894
541,10.16423908,3.697785172,11.31492984,5.312596204
542,4.938566819,6.994394666,8.873742967,8.977618371
543,2.570687826,3.238986572,12.29014643,12.47494981
544,6.547652818,2.944101452,13.27024859,10.98856043
545,10.19898927,5.081916716,11.37450617,6.242756135
546,9.159784735,11.48925997,9.318090301,9.930420176
547,2.700367558,1.401883423,9.817851728,9.48702708
548,5.231042967,4.144867986,9.265505626,11.09665496
549,4.759700105,4.304909136,9.862273852,8.22519875
550,3.187959181,6.553905131,10.79167754,10.04980072
551,6.122842196,7.935381822,10.47490766,7.037552636
552,2.741842772,3.046670279,9.389972648,11.75944261
553,4.290103996,2.573319072,11.6372589,11.00795706
554,8.891706263,6.992241631,12.42351198,13.28827705
555,0.280049582,4.409342745,10.6791523,13.3507176
556,8.351446548,7.147822428,11.05951452,11.73190459
557,4.203734403,3.240820646,13.57591438,6.204017215
558,5.803918566,1.665753154,13.69320686,13.07550733
559,4.032363629,6.904338832,10.25508428,10.7374882
560,9.408975768,2.585116716,11.81799152,11.1552731
561,7.373237365,4.211120764,8.216266052,5.348596503
562,3.826526776,5.313430186,12.49778044,10.54800196
563,2.532577765,3.055990363,9.566121054,10.66603061
564,1.76475129,8.183026458,9.811984105,14.25686682
565,10.7170578,4.187138559,7.735072657,9.653623239
566,10.17774058,1.004251384,12.21581797,12.6261203
567,3.408130306,6.356879994,12.0306923,10.68991568
568,6.975496672,2.011210764,11.77078361,8.255480776
569,8.773136334,0.427467968,9.563667609,8.785135638
570,5.329659966,1.512348094,12.70113191,10.2542632
571,3.872113564,2.728962943,12.61946726,9.829423907
572,4.294106343,2.705686549,11.16432753,8.556633842
573,4.419993067,12.32813865,11.90126673,8.249166758
574,6.195909921,5.959882089,11.29585878,10.09885027
575,8.587295395,5.535378073,10.59701284,12.55651285
576,3.80264402,4.139494054,9.628301318,10.22575951
577,3.530103004,4.167225421,13.39966258,11.32647484
578,3.13762586,7.202317474,13.68331034,8.443574202
579,5.204546699,5.210405127,5.661572458,10.06247063
580,5.2577859,6.776593405,11.44894278,12.04865008
581,4.087361813,6.926764906,12.50004133,9.509164299
582,0.883984412,5.247012579,7.269677883,11.96352811
583,3.589211039,5.257289339,11.01102428,11.72547341
584,4.941643142,3.585812209,12.76840138,9.135336669
585,1.657151581,6.783874995,12.9352976,11.78392885
586,4.933565197,2.596104904,10.46382096,9.084906376
587,3.437481209,1.318681221,10.04811222,10.27542387
588,3.771657792,5.424035382,9.642654872,13.77397247
589,5.638201308,6.978502553,12.11869779,11.31262067
590,5.725038702,5.325666869,13.56952891,8.718915216
591,7.376896802,2.250646348,11.24578097,13.71845225
592,1.438320105,1.919065057,12.50765015,13.66576756
593,4.945716117,1.328225816,5.980276171,14.01201372
594,1.988280475,2.097477404,12.02193396,6.740737442
595,8.334461245,4.908364516,13.05277242,7.093274901
596,2.461833979,5.088567217,4.425123309,9.600998259
597,3.42640624,5.384542055,10.1972413,8.811389685
598,8.38999578,5.933329798,10.30837474,7.276323186
599,9.791830033,6.40121004,12.52424175,6.123086322
600,6.000876201,3.6556003,13.0214581,9.564880865
601,4.319779085,10.15946058,12.59489657,12.07593251
602,7.673403833,11.70972508,13.87493036,8.553543595
603,3.1642234,4.71970763,14.04154684,6.837125604
604,1.709427518,4.019299912,10.357537,11.33654601
605,5.350562405,4.375292798,12.344436,14.55097748
606,5.254072935,2.867597794,14.20057856,10.94960027
607,1.527318274,7.970491198,6.873017461,11.59208554
608,5.428684743,1.949121795,11.51684679,11.89811946
609,2.806270932,2.23339385,10.87026027,6.391791765
610,2.34345271,4.678369588,13.67513307,8.571216047
611,1.903317801,1.400909206,8.415025329,10.39401271
612,5.091612197,1.43270965,7.818731903,11.04128152
613,4.561421805,8.849403326,9.918950254,10.32639392
614,3.850382597,2.046407354,11.24425536,12.267622
615,5.907268303,3.884759131,11.2160625,5.561074373
616,5.369611779,3.253051396,10.09919105,12.11730248
617,8.417378783,7.746393694,7.581292232,12.4137112
618,6.766277971,4.663349364,9.074300254,12.42336188
619,9.962430279,11.41375613,13.22874205,11.13609011
620,2.250752581,1.875430341,11.00892463,13.74546699
621,10.31832728,0.74364181,6.604808175,9.688651086
622,3.056185473,5.494350299,12.58077353,9.392192682
623,5.70231895,5.385669537,11.34591024,13.84808017
624,4.052307582,3.619057593,13.20917543,7.186885451
625,5.363120908,4.747740808,12.95733403,12.05025604
626,7.473339604,2.151345092,7.570597103,10.36961383
627,4.605022812,4.177128984,11.23681274,11.66421742
628,5.680325782,1.050928341,10.25387244,9.108849719
629,12.00066238,5.441558047,7.141533971,10.47003598
630,6.886162379,5.544367921,8.512831109,12.08728467
631,6.803329985,11.50070876,13.02046347,11.86103352
632,4.519142068,4.086807568,11.03910464,10.21634304
633,1.450356501,5.675385752,10.82216336,6.302263324
634,3.338377004,1.151070338,13.46827018,13.67173985
635,10.76095151,5.02587275,10.52218282,11.05306925
636,4.450287616,5.532190792,11.74354456,9.268997742
637,0.928025708,2.146938577,12.47317992,6.658315624
638,3.452537189,4.046204011,12.19879143,12.60961297
639,2.307093136,1.793354331,7.805628443,14.32783381
640,0.311046553,10.11071743,8.6129783,12.89346427
641,3.742142982,6.501867572,12.70796639,7.048537738
642,11.41423937,7.211612517,5.170592285,11.69560052
643,4.084197276,2.605045926,11.47193142,12.65428136
644,1.845590941,1.289255977,12.39621522,6.535543907
645,2.094658999,7.855132082,14.18911932,10.54785657
646,3.925750085,3.251575117,10.25791919,10.7365358
647,10.76048594,5.630032747,14.40505301,8.103132211
648,5.486588437,3.044957053,6.466068218,8.788355713
649,3.46251105,4.552170324,10.64551937,11.6847518
650,2.178248777,4.364370195,9.381708908,7.516744035
651,0.190832956,9.110796521,7.055062695,11.95490809
652,7.295119358,1.457136904,12.72345175,10.29292582
653,6.156648119,9.185359365,8.786841686,7.960385383
654,2.608778063,8.738446176,9.499449009,12.6681174
655,6.287344223,6.37004984,10.45490461,6.19619697
656,2.795284407,3.271571082,10.25436835,12.01236531
657,6.30127346,2.928580034,11.98156766,11.43304003
658,4.053419766,6.931830256,10.30697997,13.18019258
659,8.172971719,7.276718645,14.02977972,11.05893492
660,1.178610644,6.017019941,10.16551326,7.686878417
661,4.320750627,4.766402776,11.36799953,12.0389854
662,5.46471612,1.285866249,9.811592754,11.43417981
663,7.873759081,2.626807177,8.956451721,8.120338572
664,5.509947476,4.977577373,8.914225743,6.850917908
665,6.461213989,5.135484903,11.65989078,11.24307502
666,3.831764173,2.422548855,12.12556905,11.21096934
667,2.197100612,4.819156171,12.20586163,10.46606837
668,4.871367704,3.916078836,9.520933628,13.87590068
669,11.61108033,3.007513924,11.23102309,9.661746279
670,1.630516824,2.331735203,11.7662865,13.40722364
671,9.46152491,7.584399231,14.55249922,13.6515007
672,8.338613012,3.765787548,12.41844611,8.830289673
673,3.247868809,4.924751669,10.59958966,8.449817585
674,7.326589654,2.961634658,13.94142054,12.15233913
675,8.23926961,7.790230423,13.48075811,13.36014365
676,3.393946787,6.846313407,13.46764592,12.64498311
677,5.054586212,5.299393446,9.170380642,11.26457108
678,8.193136843,3.445134396,12.1512192,3.782936026
679,4.067008776,6.415304668,11.73933604,11.86293057
680,6.182115141,6.424249477,7.024908237,10.57804104
681,1.597323912,6.926124574,13.25966432,8.819570578
682,5.713056755,9.012321889,11.83602712,7.312111243
683,8.387317493,8.480048168,10.45778244,6.812614583
684,0.448294895,4.768831374,13.61908345,10.49067063
685,2.104633031,3.902493122,12.92826207,8.687272145
686,3.211309323,4.791891933,12.92429435,12.13969979
687,10.47059254,7.004094818,9.937792236,10.23885992
688,4.698732422,3.133811364,11.81932932,12.01918286
689,5.960127134,7.627947222,10.48577108,14.28171876
690,6.560272931,7.396147299,14.15915937,13.14301009
691,2.078057587,2.119236137,7.807691487,10.88075599
692,6.47636575,6.129787023,6.714152383,8.799682023
693,5.738470957,6.937366736,8.918637714,13.59274534
694,1.317973764,3.53579296,13.77194034,8.507980597
695,1.543858939,2.829123131,13.17124602,6.017577921
696,5.988317677,5.24431775,5.377938632,11.30449514
697,6.505850038,5.519130198,4.69719814,13.58952903
698,4.908661133,3.305827545,10.9477953,9.331394974
699,5.70078489,4.044136688,10.47552901,11.23771928
700,0.5703352,2.138289976,14.00360759,13.40754026
701,7.908556999,8.614861299,11.78713232,12.32007346
702,2.044694997,2.483595063,11.8315995,10.95236897
703,7.232749773,10.03397579,10.82251661,7.543098351
704,4.526033528,4.344355194,10.40966235,13.69670717
705,4.802388627,2.438175044,11.01240526,10.60320453
706,9.977335701,5.114008831,14.45964576,9.075045968
707,12.17600119,10.81309846,11.61422654,11.52980167
708,7.503567245,7.701748948,6.871546246,9.736198824
709,7.280448866,3.70203019,8.711337544,12.06157761
710,12.69009294,6.228124355,10.99507562,12.04010728
711,5.949966973,5.262100617,12.76568124,10.31954794
712,7.354299207,3.285344353,11.01178071,5.661800433
713,2.187771098,4.81892522,8.719007112,13.91603924
714,7.695185496,3.638660118,10.14522771,12.75617282
715,1.64185329,6.202409257,9.443667464,12.46411551
716,7.180598837,3.865043767,12.35329625,13.49926324
717,9.711639728,10.37709314,6.155503085,11.28523347
718,2.855729605,4.654193911,7.900790742,7.223013233
719,3.389037979,2.511859771,12.06066655,11.99094513
720,6.523853475,2.788871484,9.246982374,6.878020317
721,5.513652552,8.374179183,11.73288835,10.65216257
722,5.879339553,5.17117327,12.6972596,13.70819791
723,7.388937382,9.715040543,10.32071469,13.24018537
724,4.670166829,10.08394004,10.29715971,13.92342319
725,9.492137361,2.572926505,9.827705376,13.76536894
726,2.192071086,5.480275101,6.356271615,9.309655645
727,5.347118304,5.22401314,12.73879526,13.37864187
728,3.331262719,6.529601657,11.73658958,10.60744729
729,9.109770994,2.433217293,14.54426835,13.50236804
730,2.64366163,7.640529446,7.816168773,11.16977495
731,9.548571788,3.896335747,10.13492523,9.31232437
732,7.974308941,1.971645884,11.44906132,8.765597219
733,1.983623491,1.53746472,12.56939651,13.41390254
734,4.224615968,7.895851251,13.65997905,7.537560017
735,6.458851005,10.10478165,14.41610838,10.28402779
736,3.256591739,6.379141406,9.186383404,10.53728454
737,5.422719663,1.547510084,10.96496686,10.68931981
738,2.30355738,1.64715875,11.50044622,14.22867954
739,7.709253752,2.612020645,6.905190377,6.399850419
740,1.870015668,2.743209391,9.881387325,11.81977205
741,9.007917982,3.211703173,12.62284312,10.6942702
742,8.035954473,3.922169511,9.552151563,13.8640768
743,1.449841027,3.219309262,7.343100496,12.34978372
744,7.239713379,5.08496235,11.76023508,11.24791412
745,10.04576882,7.950803009,10.83712263,10.71075074
746,3.596264849,9.626862812,7.478935209,13.86190641
747,4.149018321,2.482916762,11.35980485,12.80391485
748,3.759352101,2.321625674,10.6828884,13.01882054
749,5.951187944,5.94083773,8.511003336,13.60844146
750,4.316681039,0.488137404,11.94095018,10.89455984
751,5.008672914,2.000833513,13.83301814,14.29295312
752,5.412449817,9.174787925,12.5005127,14.1003347
753,3.589131623,7.006563725,11.65310918,4.310303148
754,1.070508501,5.084250631,13.42274378,12.12761682
755,9.027680841,5.013435867,12.22580771,10.56261634
756,6.38778798,2.065126262,12.35984817,9.992086681
757,7.321083862,5.784149309,13.79728805,11.09773004
758,6.637804776,8.102855359,6.494336734,11.61201926
759,7.53377183,3.108251057,13.01973751,12.31182094
760,5.241454003,2.95421651,9.002107332,13.97871319
761,5.503620988,7.876055777,12.68256117,9.720977179
762,6.366309567,3.894005216,13.41744241,12.237893
763,4.716978501,3.762603896,8.424783616,10.46247328
764,4.602072541,3.04163098,12.26559136,10.59314949
765,6.576853272,2.622560384,10.00679954,14.37937602
766,5.916216672,3.858572761,12.06371625,13.46362795
767,3.990097253,2.952154101,12.30575183,14.38072558
768,7.94161333,4.113555594,12.32714208,4.518375974
769,2.271450448,4.803177961,14.30947741,2.426642999
770,5.960523372,12.4455069,9.436104614,12.00580585
771,5.09371979,6.165625617,8.913455616,10.91290643
772,5.453233326,9.365720565,13.59457591,12.06864438
773,1.091094959,4.277702655,11.18317938,10.35555414
774,4.302905595,9.994142449,14.00874093,6.448757899
775,1.991807758,7.693227115,6.660163504,9.740212836
776,6.142109574,3.774473777,12.15488021,11.12380582
777,6.796012174,6.333534864,14.22810537,10.4365909
778,4.321935728,5.505282292,11.58107705,11.69954079
779,5.812409591,2.88135314,10.89840644,10.44365649
780,5.550094117,2.919057715,10.64675651,13.65338798
781,7.60143691,3.5681043,10.31701943,9.775321539
782,4.10847485,9.288132776,13.22747171,7.635566957
783,2.353119201,3.285211431,12.26982653,12.23311087
784,2.345186049,3.815477255,9.392695019,4.995789225
785,5.689846525,2.9729961,10.28165318,9.150042698
786,7.722187309,2.432698018,12.24880183,11.83585946
787,3.010058191,6.970349152,11.25183947,10.81061926
788,6.329510513,8.777824522,13.21444067,7.623538532
789,2.01051992,3.664952255,6.581918502,14.27204558
790,6.941120121,3.685606544,11.53201176,3.905994624
791,3.804892763,7.265697931,12.56613896,10.55457025
792,8.410907384,3.930587624,13.46306079,4.106137422
793,1.938730012,3.035352821,14.32152983,7.830704013
794,3.645355711,0.380752216,6.697568925,13.26761831
795,2.338798401,2.678602072,9.33333054,12.50845171
796,7.42215434,4.423723904,9.38454357,8.702378229
797,5.388734251,2.134087485,13.22184475,7.992617166
798,3.943117414,5.342914926,12.6494743,8.206308515
799,3.800262368,3.500119829,8.956050303,12.66390404
800,4.687096035,6.643221982,11.72771269,10.93965111
801,2.255447727,7.646138825,8.540187562,13.5370627
802,1.878035828,4.941161096,8.720455415,12.08781484
803,4.096487005,6.707517494,12.66942704,7.750455546
804,5.175252292,3.187248007,6.448167191,10.02081398
805,6.282694701,4.664835691,6.83100098,12.86462068
806,2.522575206,5.239535478,10.68225872,7.125616328
807,6.017036156,4.444621955,7.531375652,9.47364432
808,2.994538218,2.622277459,6.180349198,12.04252208
809,2.955682117,5.615807479,13.75684315,11.61088974
810,4.686444907,4.037701091,8.184142029,8.121187638
811,7.368709283,9.541657061,14.13406908,10.1586766
812,8.934730117,5.379231705,9.444435846,6.29962369
813,11.64633926,1.009173553,7.928145818,12.74249295
814,5.62083778,5.039117903,10.36537188,7.296554052
815,6.696032562,3.645966379,12.07159051,9.356028307
816,5.523848286,2.218070502,10.3713365,8.16675192
817,4.614805203,5.803020468,8.619115228,9.756236661
818,2.944016165,4.729248294,10.53966841,10.3415876
819,2.639595885,5.335889352,11.5460605,10.19571197
820,1.049080921,3.204060552,6.220187155,10.6897411
821,5.458325163,6.291835011,8.343479151,3.85835144
822,0.766925489,4.162745201,10.30748969,8.915543555
823,3.748644644,4.399079236,11.89256345,6.69961769
824,5.603482645,4.527023201,10.14128615,11.25757397
825,3.172127036,7.732876897,14.70335854,11.55444782
826,7.188640522,1.83976075,6.712567591,13.61084901
827,8.713533974,8.512408734,14.07783811,13.5641359
828,6.552186145,4.263545667,8.824539277,10.56236365
829,7.050628106,7.285394577,12.59641035,12.16014679
830,0.836733038,6.450508985,12.33196961,12.97503976
831,6.015858239,2.367635421,11.76541315,9.490276867
832,2.376595053,2.094335506,8.517578027,9.233782577
833,3.545402787,3.95292672,10.75952066,8.507845844
834,5.895861674,9.266518897,13.53125152,8.918132482
835,1.725644239,3.374085389,11.72675469,12.84528197
836,2.719393146,8.17896738,12.80777863,8.660266959
837,1.032909313,5.225950322,10.62208185,12.8721564
838,8.89837869,3.597368953,9.32059029,11.91048163
839,2.006536027,7.957256621,8.093091695,9.6041732
840,4.564777467,2.040858865,5.314900985,8.414984211
841,2.039997925,0.875715872,8.324145061,11.63371805
842,8.008178093,1.545058633,6.294762084,9.294169184
843,7.286998885,4.08519843,14.4173625,10.47225224
844,2.202422335,10.44959111,10.6729485,10.9698808
845,3.756015269,5.712156683,10.95064511,5.747382415
846,4.212385946,9.750573321,11.58355892,8.737172578
847,2.263982368,1.884248752,10.53109407,6.172418392
848,6.097022329,5.600341939,9.836971937,11.66662265
849,11.54408569,9.234365379,11.41926264,10.678454
850,5.331211288,1.928759846,7.814297622,9.99849963
851,1.944233303,4.838662052,5.711399756,8.851395628
852,3.021082614,3.040399567,9.177121603,9.828528167
853,5.648331273,4.034319196,10.87084141,11.40468414
854,4.736515337,2.11604964,8.330360749,9.209035755
855,3.533188007,2.140277884,9.672383826,7.263686603
856,4.163484059,9.227877784,8.532581807,5.544549793
857,1.886010357,4.394324383,13.19553558,10.33884066
858,2.128810952,5.862930729,10.86419009,9.257188676
859,9.269040502,0.625484965,7.377305821,13.17349448
860,3.762269513,12.5142615,13.89933338,11.80000479
861,3.211103296,6.063227904,13.93036958,9.860331021
862,6.955108546,6.02230605,12.37162537,11.59005889
863,4.718190791,8.116966459,9.051545762,10.24113207
864,4.341971089,6.271219871,14.06552494,11.94568475
865,2.629234902,2.641240446,10.65624356,11.32739687
866,5.17881245,2.733835288,12.21209139,14.20170818
867,7.953663462,0.82738416,10.42968822,4.9651343
868,3.175003301,2.561255806,12.39983345,13.87166009
869,0.696619681,6.475307318,7.038428051,9.466978955
870,3.954501288,7.542376938,10.28739234,10.59932549
871,1.457548508,0.334069679,11.13402371,11.1889196
872,6.614281437,0.455974827,13.49104377,9.018645564
873,8.274489411,6.299367713,9.592947859,12.09445333
874,1.039194317,6.847273256,7.997833021,11.0883288
875,1.252151486,5.073119489,12.250157,12.41020889
876,2.535134775,2.076276655,5.816312395,12.35983664
877,5.211284954,2.59463727,13.58039587,14.47067341
878,3.820552032,6.837671127,13.97867923,12.08108078
879,5.075112917,4.454545722,6.540047471,10.37620952
880,2.729999588,1.202491972,7.609464987,9.530492604
881,0.235374358,2.056995271,7.000519525,8.004178624
882,9.212823996,6.029568145,11.3491679,11.32522683
883,3.423629287,3.451992737,11.13482095,8.796189292
884,8.413459516,3.707443272,9.999956851,11.67561396
885,1.867433277,5.236245403,6.123614115,12.44873383
886,5.919328408,6.240061425,9.399537092,9.941239963
887,3.605546431,9.846324935,13.66039099,11.66880022
888,12.60747137,8.114881068,12.332497,11.95848249
889,7.466925545,4.439039335,13.01360206,11.50291201
890,5.825759426,3.543618405,11.60906709,7.501650261
891,10.21535097,8.442897486,7.851077017,9.559806154
892,5.247906274,2.279120785,10.46509022,10.47584568
893,6.35481322,3.744043865,4.023676347,11.32375622
894,10.95182361,3.504629522,11.80881862,14.53101033
895,2.127623088,7.001892152,13.11180494,12.038842
896,6.925384004,0.864591055,11.41922762,13.91097036
897,6.415066433,11.19949664,5.07911949,12.61138918
898,9.037835122,6.001611603,5.023021053,9.773472822
899,3.303784614,5.568331645,8.494535118,10.90115468
900,2.027654913,2.254372497,13.61391327,10.27436512
901,8.896362813,2.109707728,13.34232842,8.953472567
902,1.808357807,10.43878765,6.506463475,13.58718571
903,1.989827637,4.736117776,14.13240477,13.53382055
904,1.874271714,6.560144807,11.60490109,14.27571404
905,4.023879054,8.122909903,5.153678236,12.87554874
906,1.448772466,5.491065068,8.879958431,8.546312878
907,3.939679773,3.306285037,12.00851051,11.1143929
908,7.000428197,8.414021506,11.67685038,10.69612927
909,1.506244105,2.843874989,8.682770725,8.146274385
910,2.915592228,7.180953234,12.3219279,8.677516167
911,7.187703395,8.08521498,11.87506532,10.76006621
912,3.106218084,10.99074018,10.05653024,7.32588184
913,3.456022983,1.248531775,11.23124081,4.723561134
914,6.803280386,7.446074765,14.36296501,12.3221854
915,2.508214371,8.302236134,9.308309984,13.03315546
916,4.159776958,4.76478242,11.86758269,11.74000093
917,7.104688717,10.62890625,7.724301546,10.74790532
918,8.494722515,11.46047688,9.586472783,13.62626336
919,2.043163512,1.979172015,14.03974847,8.571898066
920,2.229777813,2.284242474,14.62813248,13.11437627
921,2.226584013,1.722395411,13.64207925,11.5200249
922,11.50594904,7.694605415,13.19090593,9.097969678
923,4.347208515,4.788480506,10.52562657,6.439188614
924,10.96901853,3.097742822,8.870963178,11.02752074
925,5.8418153,4.242344059,13.14308721,8.243990375
926,6.277130567,7.109208942,6.365293557,7.210226967
927,2.505011006,2.885704084,11.87577842,7.742536221
928,7.397433111,7.599906586,13.33116159,13.4264256
929,4.305518165,4.781305958,14.16018185,11.92693325
930,7.337019122,4.430748839,11.91652709,10.10741164
931,1.154642261,3.104982886,13.90850632,6.831245612
932,0.23052439,7.829928077,4.663886905,9.198899794
933,13.21065674,1.914124613,10.30040799,7.484527312
934,3.698441703,0.942956997,9.593764208,9.020169499
935,11.26396613,5.385195874,9.922994328,8.878302283
936,2.400483497,5.729725317,9.403366995,12.66223871
937,4.389057117,2.137899673,12.88373124,13.73720799
938,9.406954959,2.147531221,6.394557163,13.02751735
939,3.208744574,2.831722642,9.785388712,6.860927564
940,7.261738189,5.932060969,9.593515391,10.47615332
941,8.945622655,7.427348369,6.835919646,8.691688578
942,1.999928855,11.74314894,9.861009958,7.517839298
943,5.388460254,4.337116964,10.86873238,12.35760504
944,1.710868113,3.567500645,10.73406425,9.797785836
945,10.10871986,6.135380044,13.41048157,11.72851597
946,8.041599493,3.962616022,7.123964401,8.433295422
947,1.439618227,4.674230365,6.60937075,11.6566071
948,3.661645558,3.850830937,11.4684324,8.82575376
949,0.980872984,7.37048137,10.50036671,9.489783442
950,3.487897082,3.797272651,14.34114491,11.24309716
951,3.049142701,10.96764316,13.60276167,8.655547914
952,1.907705885,2.877930722,10.00094484,6.574898935
953,0.942647126,8.339505838,9.364921982,7.985975724
954,4.983893312,3.208004976,11.35387936,10.43850384
955,6.298898824,0.474032403,8.522909072,9.573104853
956,8.404975646,8.752103994,9.854582528,8.92159254
957,8.837087721,5.111823106,14.27372707,11.97630662
958,1.129861242,2.330930424,13.84884036,6.491003581
959,9.943648709,1.676367423,8.409216385,8.953078349
960,8.411501671,2.800701396,11.24123641,7.642737713
961,5.019419566,2.168212956,10.03756974,12.05726644
962,9.547152334,5.280033677,10.47212631,13.18047347
963,4.881505827,2.966792062,8.756283912,8.022517845
964,10.26041445,5.367050917,4.34853242,12.5770624
965,6.535885745,8.314604717,12.39594629,12.26508136
966,5.75600454,2.689840135,12.92586629,9.841297644
967,1.9823549,7.893546905,8.582234058,7.914202285
968,0.840226096,11.70613079,12.14457121,5.886927241
969,3.348180115,5.612916404,8.717532846,6.746236424
970,4.104389831,2.761472934,8.449586623,11.9930903
971,2.458268679,5.258435412,11.78299937,10.26192722
972,2.282348594,9.277022823,10.72401686,11.7581673
973,9.155733062,2.552431303,10.49128074,11.74499981
974,3.87700188,3.918158867,11.44527331,6.270122688
975,6.366539833,3.98068405,6.456716684,13.24910027
976,7.516941914,3.851815411,8.771863711,13.94579399
977,7.729716911,3.036541504,6.530556738,9.563780101
978,2.312085885,7.239348727,13.1503294,11.49892393
979,1.990315248,3.150724078,12.96199115,10.03012965
980,6.999728511,1.236698991,13.58102681,11.16086319
981,4.236522872,0.717751978,13.79094167,7.238464059
982,1.683209903,3.759181837,12.02845853,12.86523799
983,10.68766343,2.969160909,14.30535947,9.553424748
984,6.811112792,10.96604473,6.654619799,12.65666575
985,4.936247679,4.883235707,11.4282044,12.60596703
986,2.456069393,10.1155621,5.369011733,11.67545802
987,7.213966622,2.906280119,11.02366767,6.340869806
988,1.966075184,4.348776274,9.818533454,7.162831924
989,0.122482751,3.798680552,13.20494682,13.09844971
990,10.09787593,6.397202898,4.174198253,12.35809491
991,3.106507996,10.58345387,7.592147404,12.84691923
992,6.210795247,2.675446797,13.55271541,8.305314789
993,4.828415334,6.486723995,13.52802701,11.59915006
994,6.185410914,3.90847118,11.05516653,8.709047469
995,2.238741051,2.056351279,9.028625691,12.16904461
996,6.082134814,4.001606868,10.731663,12.89781968
997,3.843901112,4.843494785,11.71655562,11.17367809
998,2.839917973,10.89507701,10.9238445,14.1722683
999,4.651978592,0.719551568,8.068278112,13.49952865
1000,10.78356372,10.83470622,10.98488215,10.7699351
1001,6.304790805,7.128157793,9.623349545,11.4582946
1002,8.917015834,7.770006257,13.40106918,13.34939937
1003,6.132955206,6.279882714,13.31677658,5.778556346
1004,4.502152734,8.592617492,8.756564668,9.526418535
1005,8.680890699,7.376417747,11.23688162,9.448633547
1006,7.238608085,8.3094043,10.93345351,13.1221232
1007,4.897021947,2.08550966,10.72353755,12.74160659
1008,3.788873992,3.212782695,7.65182434,8.983746314
1009,2.98197453,5.071483642,12.94416057,9.321647783
1010,1.855046836,2.509940976,13.97689738,14.05686094
